_step,Task_0_acc
0,78.14999999999999
1,77.95
2,77.3
3,75.44999999999999
4,73.25
