_step,Task_0_acc,Task_1_acc,Task_2_acc,Task_3_acc,Task_4_acc
0,78.14999999999999,4.95,4.35,6.550000000000001,5.65
1,77.95,64.7,5.25,4.75,5.6000000000000005
2,77.3,64.9,70.25,5.1,6.950000000000001
3,75.44999999999999,64.85,69.0,66.85,5.5
4,73.25,62.9,68.2,64.05,71.55
